{"cameraMode":{"drawMode":0,"name":"Shaded","section":"Shading Mode"},"sceneLighting":true,"audioPlay":false,"sceneViewState":{"showFog":true,"showMaterialUpdate":false,"showSkybox":true,"showFlares":true,"showImageEffects":true,"showParticleSystems":true,"showVisualEffectGraphs":true,"m_FxEnabled":true},"in2DMode":false,"pivot":{"x":460.40106201171877,"y":261.6204833984375,"z":-36.2425537109375},"rotation":{"x":-0.04797926917672157,"y":-0.009788896888494492,"z":0.00047016210737638175,"w":-0.9987998604774475},"size":280.0439758300781,"orthographic":true}