{"cameraMode":{"drawMode":0,"name":"Shaded","section":"Shading Mode"},"sceneLighting":true,"audioPlay":false,"sceneViewState":{"showFog":true,"showMaterialUpdate":false,"showSkybox":true,"showFlares":true,"showImageEffects":true,"showParticleSystems":true},"in2DMode":false,"pivot":{"x":-0.10000000149011612,"y":4.989999771118164,"z":-1.0499999523162842},"rotation":{"x":-0.04920032620429993,"y":0.9212093353271484,"z":-0.12400752305984497,"w":-0.36548730731010439},"size":10.0,"orthographic":false}