{"cameraMode":{"drawMode":0,"name":"Shaded","section":"Shading Mode"},"sceneLighting":false,"audioPlay":false,"sceneViewState":{"showFog":true,"showMaterialUpdate":false,"showSkybox":false,"showFlares":true,"showImageEffects":true,"showParticleSystems":true,"showVisualEffectGraphs":true,"m_FxEnabled":true},"in2DMode":false,"pivot":{"x":0.5600007176399231,"y":1.2424027919769288,"z":1.0298027992248536},"rotation":{"x":-0.08358494192361832,"y":0.9063672423362732,"z":-0.2134724259376526,"w":-0.35488641262054446},"size":0.8558175563812256,"orthographic":false}